<?xml version="1.0" encoding="utf-8" ?>
<!--********** Copyright 2016 Roku Corp.  All Rights Reserved. **********-->

<!-- node that renders Grid Screen
    handles bookmark buttons
    handles start of video playback
 -->
<component name="InfoScreen" extends="Group">
    <interface>
        <!-- Alias to Info label -->
        <field id="Info"  type="node" alias=""/>
    </interface>

    <!-- main handler -->
    <script type="text/brightscript" uri="pkg:/components/screens/InfoScreen/InfoScreen.brs" />

    <children>
        <!-- Main Background -->
        <Rectangle
            id="AppBackground"
            color="0x151515"
            width="1280"
            height="720"
            translation="[0,0]" />

        <Poster
            id="PosterOverhang"
            translation="[100, 30]"
            loadDisplayMode="scaleToFit"
            loadwidth="500"
            loadheight="100"
            uri="pkg:/images/overhangLogo.png" />

        <Label
            id="Info"
            color="0xf5f5f5"
            wrap="true"
            width="900"
            lineSpacing="5"
            text=""
            translation="[190,150]">
            <Font role="font" uri="pkg:/fonts/Roboto-Regular.ttf" size="19" />
        </Label>

        <Label
            id="Version"
            color="0xf5f5f5"
            opacity="0.5"
            wrap="true"
            width="100"
            lineSpacing="5"
            text=""
            translation="[1200,680]">
            <Font role="font" uri="pkg:/fonts/Roboto-Regular.ttf" size="10" />
        </Label>
    </children>
</component>
