{
  "app_key": "<APPKEY>",
  "client_id": "<CLIENT_ID>",
  "client_secret": "<CLIENT_SECRET>",
  "roku_api_key": "<ROKU_API_KEY>",

  "endpoint": "https://api.zype.com/",
  "player_endpoint": "https://player.zype.com/",
  "oauth_endpoint": "https://login.zype.com/",
  "bifrost_endpoint": "https://bifrost.zype.com/",
  "marketplace_connect_endpoint": "https://mkt.zype.com/v1/roku/",

  "version": "1.7.0",
  "theme": "dark",
  "brand_color": "#ffffff",
  "git_description" : "<GIT_DESCRIPTION>",

  "enable_epg": false,
  "enable_lock_icons": false,
  "subscribe_to_watch_ad_free": false,
  "test_info_screen": false,
  "native_to_universal_subscription": false,
  "native_tvod": false,
  "favorites_via_api": false,
  "universal_tvod": false,
  "confirm_signup": false,
  "enable_device_linking": true
}