<?xml version="1.0" encoding="utf-8" ?>
<!--********** Copyright 2016 Roku Corp.  All Rights Reserved. **********-->

<!--
    node that renders details screen
    handles start of video playback
 -->
<component name="DetailsScreen" extends="Group" initialFocus="Buttons" xsi:noNamespaceSchemaLocation="http://rokudev.roku.com/rokudev/schema/RokuSceneGraph.xsd">

    <interface>
        <!-- Button press handler -->
        <field id="itemSelected" type="integer" alwaysnotify="true" alias="Buttons.itemSelected" onChange="onItemSelected" />

        <!-- Playback flag -->
        <field id="videoPlayerVisible" type="bool" alwaysnotify="true" alias="VideoPlayer.visible"  onChange="onVideoVisibleChange" />

        <!-- Content fields -->
        <field id="content" type="node" alwaysnotify="true" onChange="OnContentChange" />

        <!-- If User is Logged In -->
        <field id="isLoggedIn" type="bool"  alwaysnotify="true" onChange="OnContentChange"/>

        <!-- If User is Logged In via Native SVOD -->
        <field id="isLoggedInViaNativeSVOD" type="bool"/>

        <!-- If User is Logged In via Universal SVOD -->
        <field id="isLoggedInViaUniversalSVOD" type="bool"/>

        <!-- Subscription Buttons Shown -->
        <field id="SubscriptionButtonsShown" type="bool" />

        <!-- Subscription Packages Shown -->
        <field id="SubscriptionPackagesShown" type="bool" />

        <!-- Subscription Plans -->
        <field id="SubscriptionPlans" type="roArray" />

        <!-- Products Catalog -->
        <field id="ProductsCatalog" type="roArray" />

        <field id="IsOptionsLabelVisible" type="bool" alias="Optionslabel.visible"/>

        <!-- No Authentication Enabled -->
        <field id="NoAuthenticationEnabled" type="bool" />

        <!-- Only Native SVOD -->
        <field id="OnlyNativeSVOD" type="bool" />

        <!-- BothActive -->
        <field id="BothActive" type="bool" />

        <!-- isDeviceLinked -->
        <field id="isDeviceLinked" type="bool" />

        <!-- Universal Subscriptions Count -->
        <field id="UniversalSubscriptionsCount" type="integer" />

        <!-- JustBoughtNativeSubscription -->
        <!-- This is just a flag to mark in the system that the user just bought via IAP and should be able to Play -->
        <field id="JustBoughtNativeSubscription" type="bool" />

        <!-- DontShowSubscriptionPackages -->
        <!-- This is when we click the subscription button and there might be a new subscription on the server
             We need to load the Play/Favorite buttons if there was a new subscription found.
             In this time period, do not show the packages when Subscription button is clicked
        -->
        <field id="DontShowSubscriptionPackages" type="bool" />
        <field id="ShowSubscriptionPackagesCallback" type="bool" onChange="onShowSubscriptionPackagesCallback"/>

    </interface>

    <!-- main handler -->
    <script type="text/brightscript" uri="pkg:/components/screens/DetailsScreen/DetailsScreen.brs" />

    <!-- store functions -->
    <script type="text/brightscript" uri="pkg:/source/purchase/store.brs" />

    <children>
        <!-- Main Background -->
        <Rectangle
            id="AppBackground"
            color="0x151515"
            width="1280"
            height="720"
            translation="[0,0]" />

        <!--Background poster.-->
        <Poster
            id="Background"
            width="900"
            height="550"
            translation="[430,0]"
            />

        <!-- Gradient Balck Overlay -->
        <Poster
            id="thumbOverlay-details"
            uri="pkg:/images/blackOverlay.png"
            width="1280"
            height="720"
            translation="[0, 0]"
        />

        <!--<Rectangle
            id = "Shade"
            width="1280"
            height="720"
            color="0x000000"
            opacity="0.5"
            />-->

        <!-- Custom fonts -->
        <Label>
            <Font id="ButtonFont" role="font" uri="pkg:/fonts/Roboto-Regular.ttf" size="22"/>
        </Label>

        <!--Control buttons.-->
        <LabelList
            id="Buttons"
            translation="[106,550]"
            color="0xf5f5f5"
            focusedColor="0xf5f5f5"
            numRows="5"
            vertFocusAnimationStyle="floatingFocus"
            itemSize="[350, 45]"
            textHorizAlign="center"
            font="dictionary:ButtonFont"
            focusedFont="dictionary:ButtonFont"
            focusBitmapUri="pkg:/images/button-focus.png"
            />
        <LabelList
            id="SubscriptionButtons"
            translation="[106,550]"
            color="0xf5f5f5"
            focusedColor="0xf5f5f5"
            numRows="5"
            vertFocusAnimationStyle="floatingFocus"
            itemSize="[350, 45]"
            textHorizAlign="center"
            font="dictionary:ButtonFont"
            focusedFont="dictionary:ButtonFont"
            focusBitmapUri="pkg:/images/button-focus.png"
            />

        <!--Black hud at bottom of the Details Screen.-->
        <!--<Rectangle
            id="testRectangle"
            color="0x000000FF"
            width="1280"
            height="251"
            translation="[0, 462]" />-->

        <!--Item description.-->
        <Description
            id="Description"
            translation="[106, 140]"
            itemSpacings="[7,17]" />

        <!--Item poster.-->
        <!--<Poster
            id="Poster"
            translation="[60, 495]"
            width="317"
            height="178"
            />-->

        <!-- Overhang -->
        <Group
            id="Overhang">
            <Poster
               id="PosterOverhang"
               translation="[100, 36]"
               uri="pkg:/images/overhangLogo.png"
               width="80"
               height="60" />
           <Group
               id="Optionslabel">
           <Label
               translation="[726, 58]"
               width="400"
               horizAlign="right"
               text="Options"
               color="0xf5f5f5">
               <Font role="font" uri="pkg:/fonts/Roboto-Regular.ttf" size="21" />
            </Label>

           <Poster id="OptionsIcon"
               blendColor="#ffffff"
               enableColorBlending="false"
               translation="[1139, 53]"
               width="24"
               height="24"
               uri="pkg:/images/options.png"/>
           </Group>
        </Group>

        <!--Playback node.-->
        <Video
            id="VideoPlayer"
            visible="false"
            translation="[0, 0]"
            width="1280"
            height="720"/>

    </children>
</component>
