<?xml version="1.0" encoding="utf-8" ?>
<!--********** Copyright 2016 Roku Corp.  All Rights Reserved. **********-->

<!-- node that renders Grid Screen
    handles bookmark buttons
    handles start of video playback
 -->
<component name="MyLibrary" extends="Group" xsi:noNamespaceSchemaLocation="http://rokudev.roku.com/rokudev/schema/RokuSceneGraph.xsd">
    <interface>

        <!-- Grid Favorites Content Node -->
        <field id="content" type="node" alias="Grid.content" onChange="OnContentChange"/>

        <!-- Row item selection handler -->
        <field id="rowItemSelected" type="intarray" alwaysnotify="true" alias="Grid.rowItemSelected"/>

        <!-- Row item focused handler -->
        <field id="itemFocused" type="intarray" alwaysnotify="true" alias="Grid.rowItemFocused" onChange="OnItemFocused"/>

        <!-- Flag denies favorites screen close if any children are opened.-->
        <field id="isChildrensVisible" type="bool" alwaysnotify="true" />

        <!-- Interface to focused item (Content Node) -->
        <field id="focusedContent"  type="node"/>

        <!-- Alias to Results Video Title Text label -->
        <field id="VideoTitleText"  type="string" alias="VideoTitle.text"/>

        <field id="isLoggedIn" type="bool" />

        <field id="paginatorSelected" type="bool" alwaysnotify="true" />

        <field id="SignInButtonSelected" type="intarray" alwaysnotify="true" alias="SignInButton.ItemSelected" onChange="OnSignInButtonSelected" />
        <field id="itemSelectedRole" type="string" />
        <field id="itemSelectedTarget" type="string" />
    </interface>

    <!-- main handler -->
    <script type="text/brightscript" uri="pkg:/source/helpers/content_helpers.brs" />
    <script type="text/brightscript" uri="pkg:/components/screens/MyLibrary/MyLibrary.brs" />

    <children>

        <Rectangle
            id="AppBackground"
            color="0x151515"
            width="1280"
            height="720"
            translation="[0,0]" />

        <!-- Custom fonts -->
        <Label>
            <Font id="RowListFont" role="font" uri="pkg:/fonts/Roboto-Regular.ttf" size="24"/>
        </Label>

        <!-- Favorites grid -->
        <RowList
            id="Grid"
            focusBitmapUri="pkg:/images/focus_grid_light.9.png"
            translation="[-60, 250]"
            itemSize="[1327, 218]"
            numRows="2"
            itemSpacing="[13, 0]"
            focusXOffset="[147]"
            rowFocusAnimationStyle="floatingFocus"
            rowItemSize="[[262, 147]]"
            rowItemSpacing="[[16, 3]]"
            showRowLabel="true"
            showRowCounter="true"
            rowLabelOffset="[[147, 20]]"
            rowLabelFont="dictionary:RowListFont"
            rowLabelColor="0xf5f5f5" />

        <Label
            id="VideoTitle"
            color="0xa8a8a8"
            text=""
            translation="[90,460]">
            <Font role="font" uri="pkg:/fonts/Roboto-Regular.ttf" size="20" />
        </Label>

        <!-- Overhang logo -->
        <Poster
            id="PosterOverhang"
            translation="[100, 30]"
            loadDisplayMode="scaleToFit"
            loadwidth="500"
            loadheight="100"
            uri="pkg:/images/overhangLogo.png" />

        <!-- Details Screen with Play button -->
        <DetailsScreen
            id="MyLibraryDetailsScreen"
            visible="false"/>

        <Label
            id="ResultsString"
            color="0xa8a8a8"
            text=""
            translation="[100,500]">
            <Font role="font" uri="pkg:/fonts/Roboto-Regular.ttf" size="20" />
        </Label>

        <LabelList
            id="SignInButton"
            translation="[100,300]"
            color="0xf5f5f5"
            focusedColor="0xf5f5f5"
            numRows="1"
            vertFocusAnimationStyle="floatingFocus"
            itemSize="[300, 35]"
            font="dictionary:MenuFont"
            textHorizAlign="center"
            focusedFont="dictionary:MenuFont"
            focusBitmapUri="pkg:/images/button-focus-light.png"
            />

    </children>
</component>
