{
  "menu_label": "Options",
  "menu_search_button": "Search",
  "menu_info_button": "About",
  "menu_device_linking_button": "Link Device",
  "menu_account_button": "Account",
  "menu_favorites_button": "Favorites",
  "menu_my_library_button": "My Library",

  "link_device_button": "Link Device",
  "unlink_device_button": "Unlink Device",
  "sign_in_button": "Sign In",
  "sign_out_button": "Sign Out",

  "auth_transition_button": "Sign In",
  "link_device_transition_button": "Link Device",
  "sign_in_transition_button": "Sign in with email",
  "sync_native_button": "Sync native subscription",
  "account_screen_header": "Sign In To Your Account",
  "logged_in_header_label": "Signed in as: ",
  "already_have_account_label": "Already have an account?",
  "user_credential_submit_button": "Continue",
  "sign_in_screen_header": "Please sign in to watch",
  "sign_up_screen_header": "Create an account",
  "registration_screen_header": "Create your account!",
  "sign_in_helper_message": "Enter your email and password to sign in. If you have any issues signing in please contact customer support.",
  "sign_up_helper_message": "Enter an email and password to sign up. If you have any issues signing up please contact customer support.",
  "registration_helper_message": "Please enter a valid email and password to create an account.{{chr(10)}}Using this account, you are able to watch videos on any device.",
  "sign_in_submit_button": "Sign In",
  "sign_up_submit_button": "Sign Up",
  "create_account_submit_button": "Create Account",
  "sign_up_to_watch_submit_button": "Sign Up to Watch",
  "custom_plan_purchase_message": "",

  "subscribe_button": "Subscribe",
  "swaf_button": "Watch Ad Free",
  "favorite_button": "Favorite",
  "unfavorite_button": "Unfavorite",
  "play_button": "Play",
  "resume_button": "Resume playing",
  "watch_from_beginning_button": "Play from beginning",

  "no_video_description_text": "No description",

  "device_linking_label_1": "From your computer or mobile device, visit:",
  "device_linking_label_2": "Enter Pin:",

  "favorite_screen_label": "Favorites",
  "no_favorites_message": "You don't currently have any favorites. Click the \"favorite\" button next to an episode to make it a favorite.",

  "my_library_signin_message": "To view your library, please sign in",
  "my_library_catalog_message": "My Library",
  "empty_my_library_catalog_message": "You haven’t purchased any videos. Any videos you purchase will automatically appear in your library.",
  "paginate_button_text": "See More"
}
