<?xml version="1.0" encoding="utf-8" ?>
<!--********** Copyright 2016 Roku Corp.  All Rights Reserved. **********-->

<!-- node that renders DeviceLinking
 -->
<component name="DeviceLinking" extends="Group">
    <interface>

        <!-- Item Selected -->
        <field id="itemSelected" type="integer" alwaysnotify="true" alias="UnlinkButton.itemSelected" onChange="onItemSelected" />

        <!-- Alias to PIN label -->
        <field id="Pin" type="node" alias=""/>

        <!-- Device linking url -->
        <field id="DeviceLinkingURL" type="string" />

        <!-- WRITE-ONLY. Shows/hides the component on the scene.
        True = show; False = hide. -->
        <field id="show" type="boolean"     onChange="On_show"            alwaysNotify="true"/>

        <field id="isDeviceLinked" type="boolean" onChange="onDeviceLinkingStateChanged" alwaysNotify="true"/>
        <field id="setUnlinkFocus" type="boolean" onChange="setUnlinkFocusCallback" alwaysnotify="true"/>
    </interface>

    <!-- main handler -->
    <script type="text/brightscript" uri="pkg:/components/screens/DeviceLinking/DeviceLinking.brs" />

    <children>

    <!-- Background Shade -->
    <Rectangle
        id="Shade"
        width="1280"
        height="720"
        opacity="1"
        translation="[0,0]"
        />

    <Poster
        id="Logo"
        translation="[450,50]"
        loadDisplayMode="scaleToFit"
        width="375"
        height="200"
        uri="pkg:/images/overhangLogo.png" />

    <!-- Link Text 1 -->
    <Label
        id="LinkText"
        translation="[0,265]"
        width="1280"
        horizAlign="center"
        text="">
        <Font role="font" uri="pkg:/fonts/Roboto-Regular.ttf" size="20"/>
    </Label>

    <!-- Link Text 2 -->
    <Label
        id="LinkText2"
        translation="[0,300]"
        width="1280"
        horizAlign="center"
        text="">
        <Font role="font" uri="pkg:/fonts/Roboto-Regular.ttf" size="50"/>
    </Label>

    <!-- Link Text 3 -->
    <Label
        id="LinkText3"
        translation="[0,450]"
        width="1280"
        horizAlign="center"
        text="">
        <Font role="font" uri="pkg:/fonts/Roboto-Regular.ttf" size="20"/>
    </Label>

    <!-- Pin -->
    <Label
        id="Pin"
        translation="[0,470]"
        width="1280"
        horizAlign="center"
        text="">
        <Font role="font" uri="pkg:/fonts/Roboto-Regular.ttf" size="75"/>
    </Label>

    <!--Control buttons.-->
    <LabelList
        id="UnlinkButton"
        translation="[465,600]"
        color="0xf5f5f5"
        focusedColor="0xf5f5f5"
        numRows="5"
        vertFocusAnimationStyle="floatingFocus"
        itemSize="[350, 45]"
        textHorizAlign="center"
        font="dictionary:ButtonFont"
        focusedFont="dictionary:ButtonFont"
        focusBitmapUri="pkg:/images/button-focus.png"
        />

    </children>
</component>
