<?xml version="1.0" encoding="utf-8" ?>
<!--********** Copyright 2016 Roku Corp.  All Rights Reserved. **********-->

<!-- node that renders DeviceLinking
 -->
<component name="DeviceLinking" extends="Group">
    <interface>

        <!-- Alias to PIN label -->
        <field id="Pin" type="node" alias=""/>

        <!-- Device linking url -->
        <field id="DeviceLinkingURL" type="string" />

        <!-- WRITE-ONLY. Shows/hides the component on the scene.
        True = show; False = hide. -->
        <field id="show" type="boolean"     onChange="On_show"            alwaysNotify="true"/>
    </interface>

    <!-- main handler -->
    <script type="text/brightscript" uri="pkg:/components/screens/DeviceLinking/DeviceLinking.brs" />

    <children>

    <!-- Background Shade -->
    <Rectangle
        id = "Shade"
        width="1280"
        height="720"
        opacity="1"
        translation="[0,0]"
        />

    <Poster
        id="Logo"
        uri="pkg:/images/overhangLogo.png"
        translation="[600,100]"
        />

    <!-- Link Text 1 -->
    <Label
        id="LinkText"
        translation="[0,265]"
        width="1280"
        horizAlign="center"
        text="">
        <Font role="font" uri="pkg:/fonts/Roboto-Regular.ttf" size="20"/>
    </Label>

    <!-- Link Text 2 -->
    <Label
        id="LinkText2"
        translation="[0,300]"
        width="1280"
        horizAlign="center"
        text="">
        <Font role="font" uri="pkg:/fonts/Roboto-Regular.ttf" size="50"/>
    </Label>

    <!-- Link Text 3 -->
    <Label
        id="LinkText3"
        translation="[0,450]"
        width="1280"
        horizAlign="center"
        text="">
        <Font role="font" uri="pkg:/fonts/Roboto-Regular.ttf" size="20"/>
    </Label>

    <!-- Pin -->
    <Label
        id="Pin"
        translation="[0,470]"
        width="1280"
        horizAlign="center"
        text="">
        <Font role="font" uri="pkg:/fonts/Roboto-Regular.ttf" size="75"/>
    </Label>
    
    <!-- Linking PIN -->
    <!--<Label
        id="Pin"
        color="0x333333"
        translation="[60,100]"
        text=""/>-->

    </children>
</component>
