<result xmlns="http://api.roku.com/products" xmlns:i="http://www.w3.org/2001/XMLSchema-instance">
        <errorCode i:nil="true" xmlns=""/>
        <errorDetails i:nil="true" xmlns=""/>
        <errorMessage xmlns=""/>
        <status xmlns="">Success</status>
        <products>
                <product xmlns="">
                        <HDPosterUrl i:nil="true"/>
                        <SDPosterUrl i:nil="true"/>
                        <code>584ac20e70d7637d5da333de</code>
                        <cost>$9.99</cost>
                        <description/>
                        <expirationDate i:nil="true"/>
                        <freeTrialQuantity>0</freeTrialQuantity>
                        <freeTrialType>None</freeTrialType>
                        <fulfills xmlns:a="http://schemas.microsoft.com/2003/10/Serialization/Arrays"/>
                        <inStock>true</inStock>
                        <maxQty>8</maxQty>
                        <name>Monthly Subscription1</name>
                        <productType>MonthlySub</productType>
                        <purchaseDate>0001-01-01T00:00:00</purchaseDate>
                        <purchaseId i:nil="true"/>
                        <qty>1</qty>
                        <renewalDate i:nil="true"/>
                        <upsellProduct i:nil="true"/>
                </product>
                <product xmlns="">
                        <HDPosterUrl i:nil="true"/>
                        <SDPosterUrl i:nil="true"/>
                        <code>584ac20e70d7637d5da333df</code>
                        <cost>$29.99</cost>
                        <description/>
                        <expirationDate i:nil="true"/>
                        <freeTrialQuantity>0</freeTrialQuantity>
                        <freeTrialType>None</freeTrialType>
                        <fulfills xmlns:a="http://schemas.microsoft.com/2003/10/Serialization/Arrays"/>
                        <inStock>true</inStock>
                        <maxQty>8</maxQty>
                        <name>Yearly Subscription1</name>
                        <productType>YearlySub</productType>
                        <purchaseDate>0001-01-01T00:00:00</purchaseDate>
                        <purchaseId i:nil="true"/>
                        <qty>1</qty>
                        <renewalDate i:nil="true"/>
                        <upsellProduct i:nil="true"/>
                </product>
        </products>
</result>

