<?xml version="1.0" encoding="utf-8" ?>
<!--********** Copyright 2016 Roku Corp.  All Rights Reserved. **********-->

<!-- node that renders CredentialsInput
    should display form with email and password
 -->
<component name="CredentialsInput" extends="Group" initialFocus="Inputs" xsi:noNamespaceSchemaLocation="http://rokudev.roku.com/rokudev/schema/RokuSceneGraph.xsd">
    <interface>
      <field id="header" type="string" alwaysNotify="true" onChange="setHeader" />
      <field id="helperMessage" alias="HelperMessage.text" />
      <field id="signinHintMessage" alias="signinHintMessage.text" />
      <field id="submitButtonText" type="string" alwaysNotify="true" onChange="setSubmitButtonText" />
      <field id="signinButtonText" type="string" alwaysNotify="true" onChange="setSigninButtonText" />
      <field id="email" type="string" />
      <field id="password" type="string" />

      <field id="inputSelected" type="intarray" alias="Inputs.rowItemSelected" alwaysNotify="true" onChange="onInputSelect" />

      <field id="inputEntered" type="integer" alias="InputKeyboard.confirmClicked" alwaysNotify="true" onChange="handleInput" />

      <field id="itemSelected" type="integer" alias="SubmitButton.itemSelected" alwaysNotify="true" onChange="onItemSelected" />
      <field id="signinSelected" type="integer" alias="signinButton.itemSelected" alwaysNotify="true" onChange="onSigninSelected" />
      <field id="itemSelectedRole" type="string" />

      <field id="isSignup" type="boolean" onChange="updateCheckbox" alwaysNotify="true" />
      <field id="isSignin" type="boolean" />
      <field id="isRegister" type="boolean" onChange="updateScreen" alwaysNotify="true" />
      <function name="isSignupChecked" />

      <field id="reset" type="boolean" alwaysNotify="true" onChange="resetCallback" />
    </interface>

    <!-- main handler -->
    <script type="text/brightscript" uri="pkg:/source/helpers/content_helpers.brs" />
    <script type="text/brightscript" uri="pkg:/components/screens/CredentialsInput/CredentialsInput.brs" />

  <children>
    <Rectangle
      id="Background"
      color="0x151515"
      width="1280"
      height="720"
      translation="[0,0]" />

    <Label
      id="HeaderLabel"
      width="1280"
      horizAlign="center"
      translation="[0,100]">
      <Font role="font" uri="pkg:/fonts/Roboto-Regular.ttf" size="40"/>
    </Label>

    <RowList
      id="Inputs"
      itemComponentName="InputDisplay"
      translation="[400,200]"
      vertFocusAnimationStyle="floatingFocus"
      numRows="2"
      focusBitmapUri="pkg:/images/focus_grid_light.9.png"
      itemSize="[550,75]"
      itemSpacing="[0,0]"
      rowItemSize="[[500,50]]"
      rowItemSpacing="[[0,10]]"
      />

    <LabelList
      id="SubmitButton"
      translation="[500,400]"
      color="0xf5f5f5"
      focusedColor="0xf5f5f5"
      itemSize="[300, 60]"
      numRows="1"
      vertFocusAnimationStyle="floatingFocus"
      textHorizAlign="center"
      font="dictionary:ButtonFont"
      focusedFont="dictionary:ButtonFont"
      focusBitmapUri="pkg:/images/button-focus.png"
      />

    <CheckList
      id="ConfirmSignup"
      translation="[425,500]"
      itemSize="[450, 75]"
      textHorizAlign="center"
      checkedState="[true]"
      visible="false">
      <ContentNode role="content">
        <ContentNode title="I agree to the terms of service"/>
      </ContentNode>
    </CheckList>

    <Label
      id="HelperMessage"
      width="1280"
      horizAlign="center"
      wrap="true"
      translation="[0,620]">
      <Font role="font" uri="pkg:/fonts/Roboto-Regular.ttf" size="20"/>
    </Label>

    <Label
      id="signinHintMessage"
      width="600"
      horizAlign="right"
      translation="[0,620]"
      visible="false" >
      <Font role="font" uri="pkg:/fonts/Roboto-Regular.ttf" size="20"/>
    </Label>

    <LabelList
      id="signinButton"
      translation="[680,610]"
      color="0xf5f5f5"
      focusedColor="0xf5f5f5"
      itemSize="[200, 40]"
      numRows="1"
      vertFocusAnimationStyle="floatingFocus"
      textHorizAlign="center"
      font="dictionary:ButtonFont"
      focusedFont="dictionary:ButtonFont"
      focusBitmapUri="pkg:/images/button-focus.png"
      visible="false" />

    <InputKeyboard
      id="InputKeyboard"
      visible="false" />
  </children>
</component>
